"timestamp","lum","umidar","tempar","umidsolz1raw","umidsolz1","umidsolz2raw","umidsolz2","tempsol"
2020-02-14 00:30:00,0,99.9,19.2,18760.3541666667,31.5464409722222,17410.8125,34.4225694444444,20.6
2020-02-14 01:00:00,0,99.9,19.1,18759.4166666667,31.5415798611111,17406.5208333333,34.4261284722222,20.4
2020-02-14 01:30:00,0,99.9,17.9,18758.6041666667,31.5371527777778,17402.1458333333,34.4301215277778,20.2
2020-02-14 02:00:00,0,99.9,17.8,18756.5625,31.5330295138889,17396.9166666667,34.4344618055556,19.8
2020-02-14 02:30:00,0,99.9,18,18755.0416666667,31.5292534722222,17391.1458333333,34.4392361111111,19.6
2020-02-14 03:00:00,0,99.9,17,18754.4375,31.5258246527778,17384.25,34.4444010416667,19.4
2020-02-14 03:30:00,0,99.9,17.2,18754.25,31.5229166666667,17377.2083333333,34.4499565972222,19.2
2020-02-14 04:00:00,0,99.9,17.3,18753.1458333333,31.5203559027778,17369.0208333333,34.455859375,19
2020-02-14 04:30:00,0,99.9,16.9,18752.8958333333,31.5180989583333,17361.8125,34.4620225694444,18.6
2020-02-14 05:00:00,0,99.9,17,18751.1041666667,31.5161458333333,17353.9375,34.4684895833333,18.6
2020-02-14 05:30:00,1,99.9,16.7,18749.125,31.5145399305556,17346.7708333333,34.4752604166667,18.4
2020-02-14 06:00:00,348,99.9,16.6,18746.5625,31.51328125,17339.2916666667,34.4822916666667,18.2
2020-02-14 06:30:00,1422,99.9,16.7,18744.2083333333,31.5122829861111,17332.3333333333,34.4895833333333,18
2020-02-14 07:00:00,2276,99.9,17.9,18741.8125,31.5115885416667,17325.375,34.4971354166667,17.8
2020-02-14 07:30:00,2888,99.9,19.2,18739.2291666667,31.5110677083333,17318.5,34.5049045138889,17.7
2020-02-14 08:00:00,3343,99.9,20.3,18737.875,31.5108072916667,17311.8125,34.5130208333333,17.8
2020-02-14 08:30:00,3870,99.9,21.5,18736.9375,31.5110243055556,17305.9375,34.5217447916667,18.1
2020-02-14 09:00:00,4906,99.9,28.1,18735.5,31.5120225694444,17299.9791666667,34.5314670138889,18.4
2020-02-14 09:30:00,16926,99.9,33.2,18737.2708333333,31.5128038194444,17297.1666666667,34.5411892361111,18.8
2020-02-14 10:00:00,54612,99.6,33.9,18735.2708333333,31.5134114583333,17291.0833333333,34.5509114583333,19.8
2020-02-14 10:30:00,54612,98.8,33,18734.7083333333,31.513671875,17286.0833333333,34.5604600694444,20.6
2020-02-14 11:00:00,54612,97,34.9,18734.6458333333,31.513671875,17281.9583333333,34.5697916666667,21.7
2020-02-14 11:30:00,10649,95.1,34.7,18734.7916666667,31.5133680555556,17278.1875,34.57890625,22.8
2020-02-14 12:00:00,11115,99.9,28.3,18734.7708333333,31.5126302083333,17274.1041666667,34.5877604166667,23.8
2020-02-14 12:30:00,13046,99.9,28.3,18731.4166666667,31.5116319444444,17267.0208333333,34.596484375,24.4
2020-02-14 13:00:00,17544,99.9,29.6,18731.9375,31.5103732638889,17263.3541666667,34.6050347222222,24.9
2020-02-14 13:30:00,20742,99.9,29.6,18731.4375,31.5089409722222,17259.3541666667,34.6133680555556,25.4
2020-02-14 14:00:00,18116,99.9,31.7,18733.2916666667,31.5071614583333,17257.1875,34.6214409722222,26.1
2020-02-14 14:30:00,11657,99.9,29.2,18734.1041666667,31.5051649305556,17253.8541666667,34.6292534722222,26.6
2020-02-14 15:00:00,8927,99.9,25.9,18736,31.5029947916667,17251.5833333333,34.6366753472222,26.8
2020-02-14 15:30:00,4364,99.9,23.7,18736.6458333333,31.5006076388889,17248.3333333333,34.6436197916667,26.6
2020-02-14 16:00:00,3013,99.9,22.9,18738.1875,31.4978732638889,17245.4583333333,34.6498697916667,26.2
2020-02-14 16:30:00,1652,99.9,22.1,18740.1875,31.4947916666667,17243.3125,34.6555121527778,25.7
2020-02-14 17:00:00,1391,99.9,21.7,18741.5833333333,31.4912326388889,17240.3958333333,34.6604166666667,25.2
2020-02-14 17:30:00,913,99.9,21.5,18742.0416666667,31.4879774305556,17237.0833333333,34.6654513888889,24.5
2020-02-14 18:00:00,642,99.9,21.5,18743.3125,31.4849392361111,17234.6666666667,34.6705729166667,24.1
2020-02-14 18:30:00,152,99.9,21.4,18745.1458333333,31.4820746527778,17233.0416666667,34.6757378472222,23.6
2020-02-14 19:00:00,3,99.9,21.4,18746.8125,31.4793836805556,17231.0833333333,34.6809027777778,23.2
2020-02-14 19:30:00,0,99.9,21.7,18749.4583333333,31.4770399305556,17230.5,34.686328125,22.9
2020-02-14 20:00:00,1,99.9,21.2,18751.9375,31.4748263888889,17228.25,34.691796875,22.5
2020-02-14 20:30:00,0,99.9,21.1,18752.5208333333,31.4727864583333,17223.9166666667,34.6973524305556,22.4
2020-02-14 21:00:00,0,99.9,20.9,18745.4791666667,31.4709635416667,17211.7083333333,34.7029947916667,22.1
2020-02-14 21:30:00,1,99.9,20.8,18750.1875,31.4694878472222,17210.6458333333,34.7088541666667,21.9
2020-02-14 22:00:00,0,99.9,20.7,18755.2291666667,31.4682725694444,17211.0833333333,34.7148003472222,21.8
2020-02-14 22:30:00,0,99.9,21,18759.8958333333,31.4674479166667,17211.2291666667,34.7209201388889,21.6
2020-02-14 23:00:00,0,99.9,19.8,18764.8541666667,31.4670572916667,17211.9583333333,34.7272569444444,21.4
2020-02-14 23:30:00,0,99.9,20.1,18770.3541666667,31.4671006944444,17213.3333333333,34.7339409722222,21.1
2020-02-15 00:00:00,0,81.1,19.9,18776.4375,31.4675347222222,17214.2708333333,34.7409288194444,20.9
2020-02-15 00:30:00,0,81.1,19.4,18780.9166666667,31.4680121527778,17214.7708333333,34.7479166666667,20.7
2020-02-15 01:00:00,0,81.1,19.6,18785.4375,31.4688802083333,17214.875,34.7552517361111,20.5
2020-02-15 01:30:00,0,81.1,18.9,18790.2291666667,31.4702690972222,17214.8125,34.7630642361111,20.4
2020-02-15 02:00:00,0,81.1,18.6,18795.5416666667,31.4721788194444,17214.6458333333,34.7713107638889,20.1
2020-02-15 02:30:00,0,81.1,18.6,18799.5416666667,31.4745659722222,17214.4583333333,34.7798177083333,19.9
2020-02-15 03:00:00,0,81.1,19,18803.8541666667,31.4774305555556,17216.4583333333,34.788671875,19.8
2020-02-15 03:30:00,0,81.1,19.2,18809.1041666667,31.4805989583333,17220.6875,34.7978298611111,19.4
2020-02-15 04:00:00,0,81.1,18,18816.1041666667,31.4842013888889,17226.9166666667,34.8073350694444,19.4
2020-02-15 04:30:00,0,81.1,18,18823.375,31.48828125,17233.375,34.8172309027778,19.3
2020-02-15 05:00:00,0,81.1,18.1,18832.8958333333,31.4927517361111,17241.5416666667,34.8274305555556,19.1
2020-02-15 05:30:00,1,81.1,18.6,18823.7291666667,31.496875,17231.1875,34.8372829861111,18.9
2020-02-15 06:00:00,120,81.1,19.6,18817.0208333333,31.5006944444444,17222.7916666667,34.846875,18.8
2020-02-15 06:30:00,556,81.1,19.3,18811.0416666667,31.504296875,17214.6458333333,34.8562065972222,18.6
2020-02-15 07:00:00,1874,81.1,19.6,18805.8125,31.5076822916667,17207.0208333333,34.865234375,18.8
2020-02-15 07:30:00,4660,81.1,20.1,18794.5416666667,31.5108940972222,17194.0833333333,34.8740885416667,18.6
2020-02-15 08:00:00,5554,81.1,20.9,18789.1458333333,31.5138454861111,17186.3333333333,34.8825520833333,18.9
2020-02-15 08:30:00,6608,81.1,22.1,18783.4583333333,31.5165798611111,17178.4583333333,34.8907118055556,18.9
2020-02-15 09:00:00,5963,81.1,26.6,18777.3125,31.5183159722222,17170.5,34.8977864583333,19.2
2020-02-15 09:30:00,54612,81.1,31.4,18771,31.5196614583333,17162.4583333333,34.9043402777778,19.9
2020-02-15 10:00:00,54612,81.1,34.5,18763.5625,31.5206163194444,17154.3333333333,34.9104166666667,20.7
2020-02-15 10:30:00,54612,81.1,32.3,18754.7916666667,31.5211805555556,17145.1875,34.9159722222222,21.6
2020-02-15 11:00:00,54612,81.1,32.1,18745,31.5213541666667,17134.75,34.9210503472222,22.6
2020-02-15 11:30:00,24233,92.5,35.5,18735.3541666667,31.52109375,17124.4791666667,34.9256944444444,23.8
2020-02-15 12:00:00,12090,97.5,30.7,18726.5625,31.5204427083333,17114.2916666667,34.9298611111111,24.8
2020-02-15 12:30:00,10690,95.9,30.5,18722.2708333333,31.5194010416667,17107.8541666667,34.93359375,25.6
2020-02-15 13:00:00,12177,96.1,30.5,18713.0208333333,31.5180555555556,17097.2916666667,34.9369357638889,26.2
2020-02-15 13:30:00,12765,93.2,31.1,18699.8958333333,31.5165364583333,17082.7083333333,34.9400173611111,26.7
2020-02-15 14:00:00,16603,88.3,36.2,18690.5416666667,31.5147569444444,17071.5416666667,34.9426649305556,26.9
2020-02-15 14:30:00,10768,95.3,33.2,18680.9375,31.5126302083333,17060.8333333333,34.9449652777778,27.6
2020-02-15 15:00:00,6369,81.1,30.4,18672.0416666667,31.5101996527778,17050.0625,34.9470920138889,28.3
2020-02-15 15:30:00,38918,91.9,35.9,18664.3958333333,31.5089409722222,17040.2708333333,34.9505642361111,28.7
2020-02-15 16:00:00,29038,98.7,30.7,18655.7916666667,31.5088975694444,17029.8541666667,34.95546875,29.1
2020-02-15 16:30:00,20764,96.3,31.4,18646.8958333333,31.5101128472222,17019.1875,34.9617621527778,29.2
2020-02-15 17:00:00,11673,99,28.9,18638.7916666667,31.5126302083333,17009.1666666667,34.9695746527778,29.2
2020-02-15 17:30:00,3769,58.3,29.2,18646.625,31.514453125,17014.375,34.9768229166667,28.9
2020-02-15 18:00:00,2172,67.9,26.1,18654.3958333333,31.5157986111111,17018.9375,34.9836371527778,28.7
2020-02-15 18:30:00,691,71.5,25.2,18661.4791666667,31.516796875,17022.875,34.9901475694444,28.1
2020-02-15 19:00:00,9,74.5,24.3,18669.0416666667,31.5176215277778,17027.2291666667,34.9965711805556,27.5
2020-02-15 19:30:00,0,75.4,24.2,18675.75,31.5181857638889,17030.3333333333,35.0027777777778,26.8
2020-02-15 20:00:00,0,78.7,23.6,18684.0416666667,31.5189670138889,17035.6875,35.0091579861111,26.2
2020-02-15 20:30:00,0,78.6,23.6,18689.9583333333,31.5199652777778,17038.6458333333,35.0157118055556,25.8
2020-02-15 21:00:00,0,79.4,23.4,18705.1458333333,31.5211805555556,17049.8333333333,35.0224826388889,25.1
2020-02-15 21:30:00,0,81,23.2,18719.5416666667,31.5226128472222,17060.75,35.0294704861111,24.8
2020-02-15 22:00:00,0,81.1,22.9,18734.1666666667,31.5240017361111,17071.8958333333,35.0365885416667,24.4
2020-02-15 22:30:00,0,82.2,22.7,18748.6458333333,31.5252170138889,17083.4791666667,35.04375,24.1
2020-02-15 23:00:00,0,84.2,22.6,18762.5833333333,31.526171875,17095.0416666667,35.05078125,23.8
2020-02-15 23:30:00,0,83.6,22.6,18776.9791666667,31.5269097222222,17106.2291666667,35.0576822916667,23.5
2020-02-16 00:00:00,0,84.7,22.4,18791.625,31.5276041666667,17118.4166666667,35.0645399305556,23.2
2020-02-16 00:30:00,0,85.6,22.1,18805.7083333333,31.5284288194444,17128.7291666667,35.0714409722222,22.9
2020-02-16 01:00:00,0,86.8,21.7,18818.125,31.5289930555556,17137.9375,35.0781684027778,22.6
2020-02-16 01:30:00,0,86.6,21.8,18826.1875,31.5289496527778,17143.9791666667,35.0843315972222,22.2
2020-02-16 02:00:00,0,87.2,21.7,18838.0416666667,31.5286024305556,17153.2916666667,35.090234375,22.2
2020-02-16 02:30:00,0,86.4,21.5,18849.8125,31.5279079861111,17161.1875,35.0959635416667,22.1
2020-02-16 03:00:00,0,86.6,21.5,18861.2916666667,31.5269965277778,17167.0833333333,35.1014756944444,21.8
2020-02-16 03:30:00,0,87.9,21.4,18839.3125,31.5259114583333,17139.9166666667,35.1067708333333,21.5
2020-02-16 04:00:00,0,88.1,21.2,18818.625,31.524609375,17114.0833333333,35.1118923611111,21.4
2020-02-16 04:30:00,0,88.5,21.2,18798.25,31.5230034722222,17089.25,35.1167534722222,21.2
2020-02-16 05:00:00,0,89.5,21.2,18776.7708333333,31.52109375,17064.1041666667,35.1213541666667,21.1
2020-02-16 05:30:00,1,89.4,21.2,18784.375,31.5201822916667,17067.0833333333,35.126953125,21
2020-02-16 06:00:00,275,90.5,20.9,18788.4375,31.5203125,17067.625,35.1334635416667,20.7
2020-02-16 06:30:00,1712,90.5,21.1,18790.875,31.5214409722222,17067.1666666667,35.1408854166667,20.8
2020-02-16 07:00:00,2841,88.9,21.9,18788.5,31.5235243055556,17062.2291666667,35.1492621527778,20.5
2020-02-16 07:30:00,3781,85.4,22.6,18783.0625,31.5266059027778,17053.7916666667,35.1585069444444,20.6
2020-02-16 08:00:00,5760,82.6,23.6,18773.375,31.5307291666667,17041.75,35.1687934027778,20.8
2020-02-16 08:30:00,7394,80.9,24.1,18764.0208333333,31.5355034722222,17029.9166666667,35.1796875,21.1
2020-02-16 09:00:00,10459,76.9,25.1,18753.875,31.5417100694444,17017.1041666667,35.1919270833333,21.2
2020-02-16 09:30:00,54612,53,32,18743.4166666667,31.5494791666667,17003.875,35.2056857638889,21.8
2020-02-16 10:00:00,54612,52.3,32.2,18736.2708333333,31.5587673611111,16992.8958333333,35.2209201388889,22.4
2020-02-16 10:30:00,54612,49.5,32.8,18731.3125,31.5694878472222,16983.7916666667,35.2376302083333,23.4
2020-02-16 11:00:00,54612,43.8,35.4,18727.8333333333,31.5819444444444,16976.4791666667,35.2560763888889,24.3
2020-02-16 11:30:00,54612,42.6,35.4,18723.1666666667,31.5959201388889,16968.2291666667,35.2759548611111,25.7
2020-02-16 12:00:00,13992,42.1,35.4,18715.4791666667,31.6114149305556,16957.9166666667,35.2973090277778,26.8
2020-02-16 12:30:00,8748,56.4,31.6,18708.5208333333,31.6284288194444,16949.0833333333,35.3200520833333,27.6
2020-02-16 13:00:00,13835,59.8,30.5,18705.1041666667,31.6467881944444,16942.4583333333,35.3440538194444,28.1
2020-02-16 13:30:00,26231,56.3,31.8,18705.5,31.6661024305556,16940.6875,35.3690104166667,28.2
2020-02-16 14:00:00,18407,56.3,32,18702.5625,31.68671875,16934.6875,35.3951822916667,28.8
2020-02-16 14:30:00,11520,62.3,29.6,18701.0833333333,31.7086371527778,16929.4166666667,35.4224392361111,28.9
2020-02-16 15:00:00,3748,69.6,27.7,18697.9583333333,31.7318142361111,16923.1041666667,35.4506510416667,28.8
2020-02-16 15:30:00,4735,71.6,27.5,18695.6875,31.7534288194444,16917.75,35.4770399305556,28.4
2020-02-16 16:00:00,4256,75,26.7,18691.3125,31.7736545138889,16910.8333333333,35.5018229166667,28.1
2020-02-16 16:30:00,4260,75.8,26.2,18689,31.7924913194444,16905.4583333333,35.5251302083333,27.5
2020-02-16 17:00:00,4034,75.3,26.2,18688.1875,31.8102430555556,16901.7916666667,35.5471354166667,27.3
2020-02-16 17:30:00,1895,78.4,25.3,18672.6875,31.8282552083333,16884.1458333333,35.5693576388889,26.8
2020-02-16 18:00:00,762,79,24.9,18657.25,31.8464409722222,16866.7916666667,35.5916666666667,26.6
2020-02-16 18:30:00,160,80.7,24.6,18641.6041666667,31.8648871527778,16849.1875,35.6141927083333,26.1
2020-02-16 19:00:00,2,80.2,24.4,18626.7708333333,31.8830729166667,16832.6458333333,35.6363715277778,25.7
2020-02-16 19:30:00,0,81.8,24.1,18611.25,31.9004774305556,16815.5,35.6577256944444,25.4
2020-02-16 20:00:00,0,81.4,24.2,18595.3541666667,31.9169270833333,16797.75,35.678125,24.9
2020-02-16 20:30:00,0,82.4,24.1,18586.875,31.9324652777778,16787.4166666667,35.6975694444444,24.8
2020-02-16 21:00:00,1,84.1,23.9,18570.0833333333,31.9470486111111,16769.5208333333,35.716015625,24.6
2020-02-16 21:30:00,0,82.2,23.9,18547.9166666667,31.9606336805556,16745.7708333333,35.7334201388889,24.2
2020-02-16 22:00:00,0,84,23.8,18526.5,31.9734809027778,16722.5625,35.75,24
2020-02-16 22:30:00,0,83.9,23.6,18507.25,31.9858072916667,16701.2083333333,35.7658420138889,23.9
2020-02-16 23:00:00,0,83.3,23.9,18481.3958333333,31.99765625,16673.6666666667,35.7811631944444,23.8
2020-02-16 23:30:00,0,83.2,23.8,18461.3541666667,32.0089409722222,16651.375,35.7958767361111,23.5
2020-02-17 00:00:00,0,84.7,23.6,18441.8541666667,32.0194878472222,16629.5,35.8098524305556,23.5
2020-02-17 00:30:00,0,86.2,23.3,18420.9166666667,32.0293836805556,16607.5625,35.8232204861111,23.4
2020-02-17 01:00:00,0,90,22.7,18401.8541666667,32.0389756944444,16588.0416666667,35.8361111111111,23.2
2020-02-17 01:30:00,0,89.6,22.5,18387,32.0483940972222,16571.5,35.8487413194444,23
2020-02-17 02:00:00,0,90.6,22,18369.7916666667,32.0575520833333,16553.6041666667,35.8609809027778,22.8
2020-02-17 02:30:00,0,90.9,21.9,18352.125,32.0664930555556,16536.5,35.8728732638889,22.5
2020-02-17 03:00:00,0,91.4,21.5,18334.0208333333,32.0750868055556,16520.5416666667,35.884375,22.2
2020-02-17 03:30:00,0,91.9,21.4,18347.9375,32.0833767361111,16535.7083333333,35.8955295138889,22.1
2020-02-17 04:00:00,0,91.9,21.3,18359.0208333333,32.0912760416667,16546.7916666667,35.9062065972222,21.8
2020-02-17 04:30:00,0,91.8,21.2,18369.7916666667,32.0989583333333,16555.8125,35.9165798611111,21.6
2020-02-17 05:00:00,0,91.9,21,18373.7708333333,32.1065104166667,16559.1666666667,35.9267361111111,21.4
2020-02-17 05:30:00,0,91.7,21.1,18373.8333333333,32.1133680555556,16557.7083333333,35.9361111111111,21.2
2020-02-17 06:00:00,191,91.3,21.1,18374.1041666667,32.1195746527778,16556.4375,35.9447916666667,21
2020-02-17 06:30:00,1614,90.7,21.6,18369.7291666667,32.1250434027778,16550.6875,35.952734375,20.9
2020-02-17 07:00:00,2862,88.6,22.2,18374.2291666667,32.1298611111111,16553.4583333333,35.9599826388889,21.1
2020-02-17 07:30:00,4212,85.2,23,18387.5625,32.1339409722222,16564.7291666667,35.9664496527778,20.9
2020-02-17 08:00:00,5117,80.5,23.6,18399.7083333333,32.1373697916667,16574.7916666667,35.9722222222222,21.1
2020-02-17 08:30:00,6978,77.6,24.6,18410.3541666667,32.1406684027778,16584.2291666667,35.9777777777778,21.6
2020-02-17 09:00:00,15511,70.5,26.6,18421.2708333333,32.1432291666667,16594.125,35.982421875,21.8
2020-02-17 09:30:00,13162,60.8,29.2,18433.375,32.1448350694444,16604.6666666667,35.9858940972222,22.4
2020-02-17 10:00:00,54612,57.2,30.4,18442.9791666667,32.1453125,16612.8958333333,35.9881076388889,23.2
2020-02-17 10:30:00,54612,52.1,31.5,18450.5416666667,32.1447916666667,16619.3125,35.9891927083333,23.9
2020-02-17 11:00:00,47951,47.1,33.6,18456.9375,32.1427083333333,16624.5,35.988671875,24.9
2020-02-17 11:30:00,54612,44.7,35,18464.4791666667,32.1395833333333,16630.4166666667,35.9870659722222,26
2020-02-17 12:00:00,8552,42.7,35.4,18472.4791666667,32.1354166666667,16637.4583333333,35.9843315972222,27.1
2020-02-17 12:30:00,10838,44.6,32.9,18480.7708333333,32.1301649305556,16643.75,35.98046875,27.9
2020-02-17 13:00:00,13027,44.4,32.6,18485.3958333333,32.1239149305556,16647.5208333333,35.9755642361111,28.4
2020-02-17 13:30:00,17993,55.2,32.4,18491.1875,32.1169270833333,16650.8541666667,35.9697916666667,28.9
2020-02-17 14:00:00,45598,54.2,34.2,18494.0416666667,32.1090277777778,16653.1666666667,35.9631510416667,29.6
2020-02-17 14:30:00,45512,50.5,35.8,18496.625,32.1002604166667,16655.375,35.9556423611111,30.3
2020-02-17 15:00:00,32298,47.6,36.7,18499.8958333333,32.0905815972222,16657.9166666667,35.9473524305556,31.4
2020-02-17 15:30:00,27388,50.2,35.5,18503.2291666667,32.0813368055556,16660.6041666667,35.9395399305556,32.2
2020-02-17 16:00:00,9662,57.3,32,18508.375,32.0724392361111,16664.3333333333,35.93203125,32.4
2020-02-17 16:30:00,4044,64.7,29.6,18511.4791666667,32.0638454861111,16666.6875,35.9246527777778,32.2
2020-02-17 17:00:00,2549,67.3,28.7,18513.0416666667,32.0549479166667,16667.5833333333,35.9169704861111,31.4
2020-02-17 17:30:00,2834,69,28.4,18514.0416666667,32.0458767361111,16667.5625,35.9090277777778,30.7
2020-02-17 18:00:00,941,71.3,27.8,18512.8333333333,32.0372395833333,16666.5416666667,35.9014756944444,30.2
2020-02-17 18:30:00,747,73.5,27.1,18513.2916666667,32.0291232638889,16666.4375,35.8934895833333,29.6
2020-02-17 19:00:00,5,75.2,26.5,18512.8541666667,32.0220920138889,16665.1875,35.8855902777778,29
2020-02-17 19:30:00,0,79.3,26.1,18514.0833333333,32.0166232638889,16666,35.8782118055556,28.3
2020-02-17 20:00:00,0,80.1,25.7,18512.3541666667,32.0125868055556,16664.1875,35.8712239583333,27.6
2020-02-17 20:30:00,0,81.7,25.4,18506.4583333333,32.0098958333333,16658.3125,35.8646267361111,27.3
2020-02-17 21:00:00,0,81.8,25.4,18507.2291666667,32.0085503472222,16659.5,35.8584635416667,26.8
2020-02-17 21:30:00,0,80.5,25.2,18507.6041666667,32.0086371527778,16661.5625,35.852734375,26.4
2020-02-17 22:00:00,0,82.8,25,18513.2291666667,32.0100694444444,16667.4583333333,35.847265625,26.1
2020-02-17 22:30:00,0,82.5,25.1,18516.75,32.0126736111111,16670.8541666667,35.8420572916667,25.9
2020-02-17 23:00:00,0,83.9,24.6,18527.4791666667,32.0164930555556,16680.1041666667,35.8369357638889,25.6
2020-02-17 23:30:00,0,85.5,24.1,18531.6458333333,32.0216145833333,16683.4791666667,35.8320746527778,25.4
2020-02-18 00:00:00,0,83.4,24,18535.6458333333,32.0280381944444,16686.9583333333,35.8274305555556,25.1
2020-02-18 00:30:00,0,85.6,23.8,18540.25,32.0357638888889,16691.0625,35.8229600694444,24.7
2020-02-18 01:00:00,0,86.8,23.5,18544.0416666667,32.0445746527778,16694.7708333333,35.8185329861111,24.5
2020-02-18 01:30:00,0,84.6,23.3,18547.2291666667,32.0545138888889,16698.8333333333,35.8141493055556,24.1
2020-02-18 02:00:00,0,85.6,23.2,18549.4166666667,32.0655381944444,16701.1041666667,35.8099826388889,23.8
2020-02-18 02:30:00,0,86.3,22.7,18552.0208333333,32.0776909722222,16704.2708333333,35.8059027777778,23.6
2020-02-18 03:00:00,0,88.5,22.3,18555.0416666667,32.0910590277778,16706.4166666667,35.8021267361111,23.2
2020-02-18 03:30:00,0,89.8,22.1,18558.9166666667,32.1057725694444,16709.9791666667,35.7988715277778,22.9
2020-02-18 04:00:00,0,90.8,21.8,18561.5833333333,32.1219618055556,16714.2916666667,35.7963975694444,22.7
2020-02-18 04:30:00,0,91.6,21.7,18565.2083333333,32.1394965277778,16720.3541666667,35.79453125,22.4
2020-02-18 05:00:00,0,92.1,21.5,18575.8125,32.1582899305556,16731.25,35.7931423611111,22.1
2020-02-18 05:30:00,0,92.3,21.4,18581,32.1782552083333,16735.625,35.7921440972222,21.9
2020-02-18 06:00:00,227,91.7,21.6,18570.5,32.1992621527778,16726.2708333333,35.7916232638889,21.7
2020-02-18 06:30:00,1343,91,21.8,18554.4375,32.2215277777778,16729.3541666667,35.7916232638889,21.6
2020-02-18 07:00:00,2189,88.7,22.5,18533.0833333333,32.2450086805556,16730.5416666667,35.7921006944444,21.4
2020-02-18 07:30:00,2866,85.5,23.2,18510.3958333333,32.2696614583333,16729.7291666667,35.7930989583333,21.4
2020-02-18 08:00:00,3411,81.6,23.8,18489.1666666667,32.2952690972222,16730.7916666667,35.7944010416667,21.7
2020-02-18 08:30:00,3811,74.4,24.9,18469.2083333333,32.3216145833333,16732.4166666667,35.7958767361111,21.9
2020-02-18 09:00:00,4822,66,26.9,18448.7708333333,32.34921875,16732.3541666667,35.7981770833333,22.2
2020-02-18 09:30:00,54612,58.5,29,18427.9166666667,32.3776041666667,16733.3333333333,35.8008680555556,22.9
2020-02-18 10:00:00,51607,58.5,29.4,18406.6875,32.4071180555556,16734.6666666667,35.804296875,23.7
2020-02-18 10:30:00,54612,55.7,30.6,18386.0208333333,32.4377170138889,16735.9791666667,35.8084635416667,24.6
2020-02-18 11:00:00,16224,53.6,31.1,18365.375,32.4696180555556,16738.7291666667,35.8150607638889,25.6
2020-02-18 11:30:00,54612,52.7,32.1,18344.0833333333,32.5025173611111,16739.0833333333,35.8237847222222,26.2
2020-02-18 12:00:00,11808,50.5,33.1,18323.8333333333,32.5363715277778,16740.7708333333,35.8348090277778,27
2020-02-18 12:30:00,14896,55.2,30.9,18302.125,32.57109375,16742.75,35.8478298611111,27.9
2020-02-18 13:00:00,10035,51.1,31.6,18281.1458333333,32.6072482638889,16745.1875,35.86640625,28.4
2020-02-18 13:30:00,9119,50.4,31.5,18259.3541666667,32.6446614583333,16748.3333333333,35.8876302083333,28.9
2020-02-18 14:00:00,54612,46.5,33.8,18237.2083333333,32.6834201388889,16746.5625,35.9108940972222,29.6
2020-02-18 14:30:00,54612,46.3,34,18214.8125,32.7233940972222,16745.8125,35.9360677083333,30.3
2020-02-18 15:00:00,33797,45.5,33.3,18190.9583333333,32.7646267361111,16742.6666666667,35.9628038194444,30.8
2020-02-18 15:30:00,41364,37.6,37.8,18164.1875,32.8072048611111,16734.0208333333,35.9913628472222,31.4
2020-02-18 16:00:00,9409,46,33.4,18135.3541666667,32.8510416666667,16719.8541666667,36.0215277777778,31.8
2020-02-18 16:30:00,8135,43.5,34.6,18107.4375,32.8963107638889,16707.125,36.0532118055556,31.9
2020-02-18 17:00:00,3272,58.3,32.1,18081.25,32.943359375,16696.8333333333,36.0865451388889,32.1
2020-02-18 17:30:00,439,91.2,24,18055.5208333333,32.9919704861111,16687.3541666667,36.1211371527778,31.4
2020-02-18 18:00:00,322,99.9,21.3,18030.6041666667,33.0407986111111,16675.7916666667,36.1557725694444,28.8
2020-02-18 21:30:00,0,96,23.2,18003.3541666667,33.0892361111111,16664.1875,36.1916232638889,23.9
2020-02-18 22:00:00,0,95.4,23.4,17976.2291666667,33.1369357638889,16653.0416666667,36.2287760416667,23.7
2020-02-18 22:30:00,0,93.9,23.1,17949.9791666667,33.1836805555556,16641.875,36.266796875,23.5
2020-02-18 23:00:00,0,92.9,23,17927.0208333333,33.2296440972222,16633.2291666667,36.3059461805556,23.4
2020-02-18 23:30:00,0,92.8,22.8,17903.7916666667,33.2750868055556,16622.9375,36.3463975694444,23.2
2020-02-19 00:00:00,0,92,22.6,17874.25,33.3198784722222,16606.625,36.3880642361111,23
2020-02-19 00:30:00,0,93.4,22.5,17856.4583333333,33.3638454861111,16600.9791666667,36.4309895833333,22.8
2020-02-19 01:00:00,0,94,22.5,17834.8333333333,33.4069878472222,16589.5625,36.4753472222222,22.5
2020-02-19 01:30:00,0,94.8,22.3,17814.0833333333,33.4493923611111,16577.4791666667,36.5216579861111,22.4
2020-02-19 02:00:00,0,95.5,22,17793.875,33.4910590277778,16530.75,36.5700520833333,22.2
2020-02-19 02:30:00,0,95.8,22,17774.9791666667,33.5319010416667,16485,36.6200086805556,22.1
2020-02-19 03:00:00,0,95.1,22,17756.75,33.5719618055556,16436.75,36.6717013888889,21.8
2020-02-19 03:30:00,0,95,21.9,17740.375,33.611328125,16394.9791666667,36.7252604166667,21.7
2020-02-19 04:00:00,0,94.5,22,17711.7916666667,33.6498697916667,16271.4375,36.7806423611111,21.6
2020-02-19 04:30:00,0,94.4,22,17685.9791666667,33.6876736111111,16215.4166666667,36.837890625,21.6
2020-02-19 05:00:00,0,94.4,22.1,17659.0208333333,33.7245659722222,16171.1458333333,36.8966145833333,21.4
2020-02-19 05:30:00,0,93.8,22,17632.625,33.7605034722222,16130.2708333333,36.9569878472222,21.6
2020-02-19 06:00:00,208,93.8,21.9,17606.2291666667,33.7953993055556,16096.625,37.0187934027778,21.6
2020-02-19 06:30:00,1658,92.7,22.2,17579.5833333333,33.8290798611111,16058.7083333333,37.0818576388889,21.4
2020-02-19 07:00:00,2516,91.1,22.9,17553.5416666667,33.861328125,16025.625,37.1463541666667,21.5
2020-02-19 07:30:00,3446,88.8,23.5,17525.2708333333,33.8922743055556,15996.625,37.2131510416667,21.4
2020-02-19 08:00:00,4115,84.3,24.2,17496.2291666667,33.9219618055556,15969.9375,37.2828993055556,21.8
2020-02-19 08:30:00,6207,78.2,25.2,17465.4375,33.9504774305556,15945.0833333333,37.3551649305556,22
2020-02-19 09:00:00,9249,71.2,27,17450.6041666667,33.9777777777778,15934.0416666667,37.4302951388889,22.4
2020-02-19 09:30:00,36837,61.4,28.9,17444.1875,34.0036892361111,15910.5625,37.5088107638889,22.9
2020-02-19 10:00:00,45511,58.4,30.4,17440.1458333333,34.0282118055556,15881.5833333333,37.5905381944444,23.8
2020-02-19 10:30:00,54612,57.7,30.3,17439.3333333333,34.0516493055556,15860.7916666667,37.6716579861111,24.7
2020-02-19 11:00:00,54612,56.6,30.3,17436.5625,34.0739583333333,15835.3958333333,37.7520833333333,25.3
2020-02-19 11:30:00,54612,51.2,32.1,17428.8333333333,34.0951388888889,15806.3958333333,37.8318142361111,26.1
2020-02-19 12:00:00,12530,48.9,32.6,17423.6458333333,34.11484375,15778.5833333333,37.9105034722222,27
2020-02-19 12:30:00,11680,51,31.7,17421.1041666667,34.1337239583333,15750.8333333333,37.9889322916667,27.6
2020-02-19 13:00:00,15271,51.8,31.4,17419.5833333333,34.1516493055556,15719.9583333333,38.066796875,28.3
2020-02-19 13:30:00,15198,50.9,31.7,17416.6458333333,34.1686631944444,15676.1041666667,38.1440538194444,28.6
2020-02-19 14:00:00,54612,45.6,34.6,17413.3333333333,34.1848958333333,15631.6041666667,38.2177951388889,29.2
2020-02-19 14:30:00,9556,62.3,31.8,17410.2916666667,34.2004774305556,15595.375,38.2880642361111,29.9
2020-02-19 15:00:00,4137,71,30.1,17407.6041666667,34.2154947916667,15558.3125,38.3546875,30.2
2020-02-19 15:30:00,618,73.8,28.5,17401.5625,34.2302083333333,15518.125,38.4182725694444,30.1
2020-02-19 16:00:00,1257,97,21.7,17399.5833333333,34.2435329861111,15479.6041666667,38.4717881944444,29.2
2020-02-19 16:30:00,2245,96.2,23.2,17396.4791666667,34.2556423611111,15440.375,38.5212673611111,27.5
2020-02-19 17:00:00,2035,94.1,23.6,17395.2708333333,34.2663628472222,15404.75,38.5678385416667,26.6
2020-02-19 18:30:00,67,93.9,23.6,17393.3541666667,34.2765190972222,15367.2083333333,38.6148871527778,25.1
2020-02-19 19:00:00,1,94.6,23,17393.1666666667,34.2860677083333,15330.0416666667,38.6629340277778,24.9
2020-02-19 19:30:00,0,93.5,23,17394.7291666667,34.2949652777778,15292.2916666667,38.7115017361111,24.3
2020-02-19 20:00:00,0,94.9,23.1,17398.9583333333,34.3032552083333,15246.4583333333,38.7610677083333,24
2020-02-19 20:30:00,1,94.8,23,17401.4583333333,34.3107638888889,15182.6458333333,38.8120659722222,23.8
2020-02-19 21:00:00,0,94.6,22.9,17403.0208333333,34.3174479166667,15105.5208333333,38.8646701388889,23.4
2020-02-19 21:30:00,0,94.1,22.8,17404.5833333333,34.3232204861111,15038.8541666667,38.9189670138889,23.2
2020-02-19 22:00:00,0,93.5,23.5,17407.5833333333,34.3287760416667,14961.0416666667,38.9756076388889,23.2
2020-02-19 22:30:00,0,92.6,23.2,17411.7916666667,34.3343315972222,14871.6041666667,39.0338975694444,23
2020-02-19 23:00:00,0,94.2,22.7,17415.1458333333,34.3401475694444,14786,39.0934027777778,22.9
2020-02-19 23:30:00,0,94.3,22.6,17414.0833333333,34.3463107638889,14789.1458333333,39.1547743055556,22.8
2020-02-20 00:00:00,0,94.5,22.5,17417.9166666667,34.352734375,14795.3541666667,39.2176215277778,22.4
2020-02-20 00:30:00,0,94.6,22.5,17421.3125,34.3590277777778,14801.7708333333,39.2815972222222,22.5
2020-02-20 01:00:00,0,94.4,22.4,17426.8125,34.3654513888889,14808.6458333333,39.3467447916667,22.4
2020-02-20 01:30:00,0,94.3,22.4,17427.0416666667,34.3722222222222,14808.4791666667,39.4129774305556,22.3
2020-02-20 02:00:00,0,94.5,22.3,17428.875,34.3793836805556,14811,39.4802951388889,22.2
2020-02-20 02:30:00,0,94.7,22.2,17428.8958333333,34.3867621527778,14811.3541666667,39.5473958333333,22
2020-02-20 03:00:00,0,94.2,22.2,17426.7916666667,34.3944010416667,14845.0625,39.6143229166667,22.1
2020-02-20 03:30:00,0,94.5,22.2,17423.3333333333,34.4024305555556,14878.7291666667,39.6818142361111,21.9
2020-02-20 04:00:00,0,94.4,22.3,17418.4375,34.4109809027778,14913.3125,39.7499131944444,21.9
2020-02-20 04:30:00,0,94.6,22.2,17409.2291666667,34.4199652777778,14940.3333333333,39.8184895833333,21.8
2020-02-20 05:00:00,0,94.7,22,17411.875,34.4296006944444,15048.3333333333,39.8877604166667,21.8
2020-02-20 05:30:00,1,95,21.9,17414.4791666667,34.4396701388889,15083.5208333333,39.9575954861111,21.8
2020-02-20 06:00:00,162,95.3,21.9,17417.6041666667,34.450390625,15104.9166666667,40.028125,21.4
2020-02-20 06:30:00,972,94.8,22.1,17404.5,34.4617621527778,15054.1666666667,40.0991753472222,21.6
2020-02-20 07:00:00,3126,93.8,22.5,17393.3541666667,34.4736111111111,14997.4166666667,40.1706163194444,21.5
2020-02-20 07:30:00,6512,92.1,23.3,17381.0625,34.4859375,14948.125,40.2420572916667,21.6
2020-02-20 08:00:00,7708,87.6,24.4,17369.3958333333,34.4989149305556,14892.3541666667,40.3125434027778,21.6
2020-02-20 08:30:00,8009,83.6,25.5,17358.7916666667,34.5127604166667,14831.4791666667,40.38046875,21.9
2020-02-20 09:00:00,10388,79,26.1,17347.9375,34.5271701388889,14767.75,40.4448784722222,22.4
2020-02-20 09:30:00,18967,77.3,26.7,17338.1041666667,34.5421440972222,14703.7916666667,40.5068576388889,22.9
2020-02-20 10:00:00,48163,60.8,29.6,17328.6875,34.5577256944444,14639.4583333333,40.5650173611111,23.3
2020-02-20 10:30:00,24271,57.6,29.9,17322.0416666667,34.5736979166667,14578.5208333333,40.6186631944444,24.2
2020-02-20 11:00:00,54612,53,32,17312.3541666667,34.590234375,14522.1458333333,40.6680121527778,24.9
2020-02-20 11:30:00,8821,53.4,31.1,17302.9166666667,34.6067708333333,14458.5625,40.7208333333333,25.9
2020-02-20 12:00:00,13029,52.7,32.1,17293.8333333333,34.6239149305556,14400.0625,40.7775173611111,26.4
2020-02-20 12:30:00,10106,55.3,30.2,17288.7708333333,34.6418402777778,14345.4375,40.8381076388889,27.1
2020-02-20 13:00:00,13564,55.8,30.1,17280.7916666667,34.6603732638889,14291.1041666667,40.8995225694444,27.6
2020-02-20 13:30:00,6757,59.9,29.7,17270.875,34.679296875,14238.9166666667,40.9624131944444,27.8
2020-02-20 14:00:00,328,88.9,26.4,17260.0833333333,34.6986111111111,14183.9583333333,41.0259982638889,27.9
2020-02-20 14:30:00,3624,82.9,26.9,17252.5,34.718359375,14145.5833333333,41.0937065972222,27.7
2020-02-20 15:00:00,6431,77.1,27.5,17242.3541666667,34.7381510416667,14105,41.1669704861111,27.4
2020-02-20 15:30:00,4760,76,27,17229.8333333333,34.7582899305556,14057.0208333333,41.2456597222222,27.2
2020-02-20 16:00:00,11113,69.6,28.2,17215,34.778515625,14005.4583333333,41.3297309027778,26.9
2020-02-20 16:30:00,6405,71,28.7,17198.6458333333,34.7984809027778,13953.1875,41.4192708333333,27.1
2020-02-20 17:00:00,13446,65.1,29.2,17181.7916666667,34.8189236111111,13898.8125,41.5177083333333,27.2
2020-02-20 17:30:00,3721,72.7,28.3,17167.4166666667,34.83984375,13845.3541666667,41.6219618055556,27.2
2020-02-20 18:00:00,845,80.2,26.9,17151.5208333333,34.8613715277778,13793.875,41.7314670138889,27.4
2020-02-20 22:00:00,0,85.8,24.6,17136.125,34.8822048611111,13744.4583333333,41.8397569444444,25.3
2020-02-20 22:30:00,0,86.1,24.5,17125.4375,34.9024739583333,13699.3541666667,41.9465277777778,25.2
2020-02-20 23:00:00,0,87.6,24.2,17115.2708333333,34.9221788194444,13661.7291666667,42.0519965277778,24.9
2020-02-20 23:30:00,0,89.1,24,17104.3958333333,34.9414496527778,13636.3958333333,42.1557291666667,24.8
2020-02-21 00:00:00,0,90.3,23.8,17086.625,34.9603298611111,13630.1666666667,42.2573784722222,24.5
2020-02-21 00:30:00,0,90.5,24.1,17076.2708333333,34.9788628472222,13632.7291666667,42.356640625,24.4
2020-02-21 01:00:00,0,90.6,24,17063.9375,34.9970052083333,13622,42.4557725694444,24
2020-02-21 01:30:00,0,90.9,23.9,17052.9375,35.0146701388889,13631.9583333333,42.5519965277778,24.1
2020-02-21 02:00:00,0,91.4,23.8,17047.2708333333,35.03203125,13646.5416666667,42.6456163194444,23.8
2020-02-21 02:30:00,0,93.2,23.6,17038.4791666667,35.0489583333333,13659.4791666667,42.7369357638889,23.6
2020-02-21 03:00:00,0,93.7,23.1,17037.6875,35.0654079861111,13583.7916666667,42.8255208333333,23.6
2020-02-21 03:30:00,0,92.9,23.2,17026.7083333333,35.0813802083333,13502.5,42.9115451388889,23.4
2020-02-21 04:00:00,0,93,23,17012.0208333333,35.0969618055556,13419.1666666667,42.9953559027778,23.4
2020-02-21 04:30:00,0,93.2,23,17003.0625,35.1119791666667,13406.6875,43.0771701388889,23.1
2020-02-21 05:00:00,0,92.5,23,16995.3333333333,35.1263888888889,13372.8125,43.15703125,23.1
2020-02-21 05:30:00,0,93,22.8,16986.6875,35.1400607638889,13358.9791666667,43.2345920138889,23
2020-02-21 06:00:00,0,92.9,22.9,16976.7708333333,35.1531684027778,13265.8541666667,43.3107204861111,22.8
2020-02-21 06:30:00,0,93.3,22.6,16974,35.1655381944444,13172.5625,43.3854166666667,22.8
2020-02-21 07:00:00,0,93.5,22.6,16961.5833333333,35.1772135416667,13081.8541666667,43.4581597222222,22.6
2020-02-21 07:30:00,0,92.8,22.5,16954.7916666667,35.1879774305556,12994.0208333333,43.5291666666667,22.4
2020-02-21 08:00:00,0,92.3,22.8,16952.2916666667,35.1975260416667,12896.75,43.5979166666667,22.4
2020-02-21 08:30:00,0,90.9,23.1,16944.4375,35.205859375,12800.5208333333,43.6650173611111,22.2
2020-02-21 09:00:00,0,90.6,23,16935.0625,35.2131510416667,12704.0625,43.7296006944444,22.2
2020-02-21 09:30:00,0,84.9,24.1,16925.6666666667,35.2192274305556,12606.5,43.7915364583333,22.3
2020-02-21 10:00:00,0,79.5,25.2,16928.875,35.2241319444444,12581.9375,43.8507378472222,22.2
2020-02-21 10:30:00,0,83.3,24.1,16929.6666666667,35.2282552083333,12560.1041666667,43.91015625,22.6
2020-02-21 11:00:00,0,74.9,25.3,16930.75,35.2316840277778,12540.6458333333,43.9701388888889,22.8
2020-02-21 11:30:00,0,75.5,25.5,16929.1041666667,35.2344618055556,12525.125,44.0309461805556,22.9
2020-02-21 12:00:00,0,74.5,25.2,16926.4375,35.2359809027778,12511.3125,44.09375,23.2
2020-02-21 12:30:00,0,76.9,24.7,16922.6875,35.2367621527778,12503.2083333333,44.1587239583333,23.4
2020-02-21 13:00:00,0,73.6,25.4,16921.6458333333,35.23671875,12443.2291666667,44.2250434027778,23.3
2020-02-21 13:30:00,0,73.3,25.8,16922.3958333333,35.2361979166667,12445.4791666667,44.2941840277778,23.5
2020-02-21 14:00:00,0,72.7,25.9,16921.625,35.2354166666667,12442.875,44.3638020833333,23.8
2020-02-21 14:30:00,0,79.6,25.1,16921.2916666667,35.2340277777778,12438.7083333333,44.4365451388889,23.9
2020-02-21 15:00:00,0,75.7,25.9,16923.8541666667,35.2326822916667,12437.0833333333,44.5078993055556,23.8
2020-02-21 15:30:00,0,75.8,25.4,16926.25,35.2307291666667,12437.1458333333,44.5779079861111,24
2020-02-21 16:00:00,0,77.3,25.4,16930.2291666667,35.2278645833333,12432.8958333333,44.6459635416667,24.2
2020-02-21 16:30:00,0,73.5,26.4,16935.2291666667,35.2244357638889,12423.5833333333,44.717578125,24.2
2020-02-21 17:00:00,0,78.2,24.9,16939.1666666667,35.2205295138889,12415.2916666667,44.7918836805556,24.4
2020-02-21 17:30:00,0,77,25.4,16945.4583333333,35.2163628472222,12411.8125,44.870703125,24.1
2020-02-21 18:00:00,0,79.7,24.2,16950.2708333333,35.2117621527778,12405.25,44.9472222222222,24.4
2020-02-21 18:30:00,0,83.1,23.5,16956.9583333333,35.2072916666667,12397.7083333333,45.0213975694444,24.1
2020-02-21 19:00:00,0,85,23.1,16961.3541666667,35.2022135416667,12393.6041666667,45.0934027777778,23.8
2020-02-21 19:30:00,0,85.8,22.8,16967.2291666667,35.1969618055556,12381.3125,45.1631076388889,23.7
2020-02-21 20:00:00,0,86.7,22.4,16979.5,35.191796875,12381.8333333333,45.2297743055556,23.5
2020-02-21 20:30:00,0,88.6,22.1,16990.4791666667,35.1864149305556,12365.4791666667,45.2934895833333,23.2
2020-02-21 21:00:00,0,89.7,21.9,17000.3333333333,35.1807291666667,12370.9166666667,45.3539930555556,22.8
2020-02-21 21:30:00,0,90.7,21.8,17012.6666666667,35.1748697916667,12379.4791666667,45.4111979166667,22.7
2020-02-21 22:00:00,0,91.7,21.5,17023.375,35.1690538194444,12392.2708333333,45.4686631944444,22.2
2020-02-21 22:30:00,0,91.6,21.2,17030.25,35.1633680555556,12341.5416666667,45.5264322916667,22.1
2020-02-21 23:00:00,0,91.7,21.2,17035.7291666667,35.1578125,12290.6041666667,45.5846788194444,21.9
2020-02-21 23:30:00,0,91,21.5,17039.75,35.1522569444444,12247.1458333333,45.6436631944444,21.9
2020-02-22 00:00:00,0,91.5,21.4,17050.5625,35.1466579861111,12195.6458333333,45.7038628472222,21.6
2020-02-22 00:30:00,0,91.7,21.3,17056.0208333333,35.1408420138889,12149.1458333333,45.7657118055556,21.4
2020-02-22 01:00:00,0,91.5,21.3,17062.8541666667,35.1348958333333,12107.7291666667,45.8245225694444,21.4
2020-02-22 01:30:00,0,94.1,20.1,17063.25,35.1291666666667,12053.2083333333,45.8857204861111,21.2
2020-02-22 02:00:00,0,94.4,20.1,17064.7916666667,35.1233506944444,12055.7708333333,45.9490017361111,21.1
2020-02-22 02:30:00,0,94.4,20.1,17069.8125,35.1174913194444,11997.4583333333,46.0144097222222,20.8
2020-02-22 03:00:00,0,93.8,20.3,17068.0208333333,35.1118055555556,11952.3125,46.0820746527778,20.4
2020-02-22 03:30:00,0,93.3,20.6,17070.5208333333,35.1062065972222,11902.0208333333,46.1518663194444,20.4
2020-02-22 04:00:00,0,93.7,20.4,17076.625,35.1009548611111,11862.5,46.2236111111111,20.4
2020-02-22 04:30:00,0,93.9,20.3,17080.2083333333,35.0959635416667,11770.0833333333,46.2968315972222,20.1
2020-02-22 05:00:00,0,94,20.3,17083.3125,35.0912760416667,11675.1041666667,46.3716145833333,20.1
2020-02-22 05:30:00,0,94.3,20.3,17081.6666666667,35.0868923611111,11558.4166666667,46.4482204861111,20.1
2020-02-22 06:00:00,0,93.8,20.2,17082.375,35.0828125,11517.8125,46.5265190972222,19.9
2020-02-22 06:30:00,0,95.7,19.9,17076.2291666667,35.0791232638889,11477.7916666667,46.60625,19.9
2020-02-22 07:00:00,0,94.6,19.7,17078.2708333333,35.0755642361111,11437.0208333333,46.6877170138889,19.8
2020-02-22 07:30:00,0,92.3,19.6,17075.5,35.0719618055556,11401.125,46.7700520833333,19.6
2020-02-22 08:00:00,0,91.6,19.6,17070.4791666667,35.06875,11374.0625,46.8541232638889,19.6
2020-02-22 08:30:00,0,91.3,19.4,17068.1041666667,35.0659722222222,11344.6666666667,46.9384114583333,19.2
2020-02-22 09:00:00,0,86.8,20.6,17066.3958333333,35.0637152777778,11320.4791666667,47.0250868055556,19.1
2020-02-22 09:30:00,0,87,20.4,17060.2083333333,35.0621527777778,11297.625,47.1144097222222,19.2
2020-02-22 10:00:00,0,89.1,20.1,17062.3333333333,35.0611545138889,11268.0625,47.2071614583333,19.2
2020-02-22 10:30:00,0,80.7,21.5,17059.7083333333,35.0603732638889,11239.6041666667,47.2977864583333,19.2
2020-02-22 11:00:00,0,83.7,20.9,17058.2291666667,35.0599392361111,11208.125,47.386328125,19.4
2020-02-22 11:30:00,0,83.9,20.9,17056.3333333333,35.0596354166667,11175.3125,47.4733506944444,19.3
2020-02-22 12:00:00,0,78.4,21.8,17055.5416666667,35.0597222222222,11133.375,47.5581597222222,19.5
2020-02-22 12:30:00,0,76.8,22.1,17058.1458333333,35.0601996527778,11086.6458333333,47.6410590277778,19.8
2020-02-22 13:00:00,0,77.6,21.6,17060.4583333333,35.0610677083333,11094.7708333333,47.7224826388889,19.8
2020-02-22 13:30:00,0,77.4,22,17056.1666666667,35.0618489583333,11042.2083333333,47.8016493055556,20
2020-02-22 14:00:00,0,75.2,22.4,17058.7708333333,35.0630208333333,10993.125,47.8833767361111,20.1
2020-02-22 14:30:00,0,83.4,21.1,17060.0416666667,35.0644097222222,10941.1458333333,47.9622829861111,20.4
2020-02-22 15:00:00,0,85.3,20.7,17057.9375,35.0658854166667,10889.2083333333,48.0395399305556,20.4
2020-02-22 15:30:00,0,89.3,20.2,17057.5208333333,35.0676215277778,10841.1041666667,48.1146267361111,20.4
2020-02-22 16:00:00,0,84.9,20.7,17054.0208333333,35.0696614583333,10792.7083333333,48.1883680555556,20.2
2020-02-22 16:30:00,0,87.7,20.3,17052.9791666667,35.0720920138889,10749.5625,48.2591145833333,20.1
2020-02-22 17:00:00,0,90.7,19.8,17050.75,35.0746961805556,10706.3333333333,48.3258246527778,20
2020-02-22 17:30:00,0,90,19.5,17048.875,35.0773871527778,10661.7291666667,48.3877170138889,19.8
2020-02-22 18:00:00,0,91.9,19.1,17046.6666666667,35.0801215277778,10617.7083333333,48.4477430555556,19.7
2020-02-22 18:30:00,0,92.8,18.8,17044.375,35.0826388888889,10576.5208333333,48.5061197916667,19.4
2020-02-22 19:00:00,0,92.3,18.3,17045.3541666667,35.0851996527778,10532.5208333333,48.5626736111111,19.2
2020-02-22 19:30:00,0,92.5,18.2,17052.3958333333,35.0876302083333,10500.5208333333,48.6181423611111,18.9
2020-02-22 20:00:00,0,93.3,18.1,17055.3541666667,35.08984375,10461.1041666667,48.6726996527778,18.7
2020-02-22 20:30:00,0,93.7,18,17056.0833333333,35.0918402777778,10438.5,48.7263454861111,18.5
2020-02-22 21:00:00,0,93.1,17.9,17054.2916666667,35.0937065972222,10388.3541666667,48.7790798611111,18.3
2020-02-22 21:30:00,0,94.1,17.7,17050,35.0951822916667,10336.6875,48.8309027777778,17.9
2020-02-22 22:00:00,0,94.3,17.7,17048.4791666667,35.0967013888889,10270.8125,48.881640625,17.9
2020-02-22 22:30:00,0,94.2,17.6,17050.4166666667,35.0979600694444,10268.4791666667,48.9315104166667,17.8
2020-02-22 23:00:00,0,95,17.5,17049,35.0991753472222,10265.7708333333,48.9805555555556,17.6
2020-02-22 23:30:00,0,94.7,17.4,17049.8333333333,35.0999565972222,10256.4375,49.0287326388889,17.5
2020-02-23 00:00:00,0,93.2,17.3,17052.0833333333,35.1004340277778,10255.0625,49.0753472222222,17.4
2020-02-23 00:30:00,0,93,17.3,17049.2083333333,35.10078125,10251.9375,49.1201822916667,17.2
2020-02-23 01:00:00,0,93,17.2,17047.3333333333,35.1010416666667,10243.625,49.1657552083333,17
2020-02-23 01:30:00,0,92.8,17.2,17049.2083333333,35.10078125,10241.125,49.209375,16.9
2020-02-23 02:00:00,0,92.7,17.2,17041.1041666667,35.1004774305556,10186.0416666667,49.2510850694444,16.7
2020-02-23 02:30:00,0,92.5,17.2,17040.7916666667,35.1000434027778,10191.7291666667,49.2904947916667,16.8
2020-02-23 03:00:00,0,93.3,17.1,17036.875,35.0993489583333,10184.5,49.3277777777778,16.8
2020-02-23 03:30:00,0,94.2,16.9,17033.6875,35.0986545138889,10184.1041666667,49.3635416666667,16.7
2020-02-23 04:00:00,0,93.4,17,17032.5416666667,35.09765625,10176.6458333333,49.3975260416667,16.8
2020-02-23 04:30:00,0,93.7,17.1,17027.7291666667,35.0966145833333,10150.9791666667,49.4301649305556,16.4
2020-02-23 05:00:00,0,93.1,17.2,17026.7083333333,35.0957465277778,10147.9375,49.4614583333333,16.4
2020-02-23 05:30:00,0,93.1,17,17022.8125,35.094921875,10140.3125,49.49140625,16.4
2020-02-23 06:00:00,0,93.3,17,17021.5,35.0940972222222,10142.5416666667,49.5199652777778,16.5
2020-02-23 06:30:00,0,93.1,17.3,17020.8541666667,35.0931857638889,10140.6666666667,49.547265625,16.4
2020-02-23 07:00:00,0,91.7,18,17021.75,35.0922743055556,10142,49.5732638888889,16.4
2020-02-23 07:30:00,0,90.1,18.6,17021.5625,35.0918402777778,10130.3958333333,49.5985243055556,16.6
2020-02-23 08:00:00,0,87.9,19.2,17021.25,35.0914930555556,10123.1666666667,49.6219618055556,16.6
2020-02-23 08:30:00,0,81.9,20.4,17022.7916666667,35.0911892361111,10115.9583333333,49.6442274305556,16.8
2020-02-23 09:00:00,0,72.9,22.3,17023.3541666667,35.0907118055556,10112.4583333333,49.664453125,17.3
2020-02-23 09:30:00,0,72.8,22.2,17026.3541666667,35.0900173611111,10109.8958333333,49.6825954861111,17.8
2020-02-23 10:00:00,0,70,22.6,17027.4375,35.0891059027778,10104.9583333333,49.6973524305556,18.4
2020-02-23 10:30:00,0,62.3,24.9,17031.8958333333,35.0884114583333,10095.1041666667,49.7118489583333,18.7
2020-02-23 11:00:00,0,70.2,23.1,17030.9791666667,35.0875,10083.1875,49.7262152777778,19.5
2020-02-23 11:30:00,0,61.5,25.3,17038.7291666667,35.0867621527778,10070.3541666667,49.7401909722222,19.9
2020-02-23 12:00:00,0,69.6,23.7,17044.375,35.0860243055556,10064.4583333333,49.7537326388889,20.5
2020-02-23 12:30:00,0,66,24.7,17049.5208333333,35.0851128472222,10058.3541666667,49.7659722222222,20.6
2020-02-23 13:00:00,0,64.8,25.3,17053.7916666667,35.0841579861111,10051,49.777734375,21
2020-02-23 13:30:00,0,70.6,23.5,17062.4375,35.0836371527778,10042.375,49.7890625,21.5
2020-02-23 14:00:00,0,68.5,23.7,17065.6041666667,35.082421875,10035.75,49.7973958333333,21.7
2020-02-23 14:30:00,0,76.3,22.2,17069.9583333333,35.0812065972222,10035.6666666667,49.8049913194444,22
2020-02-23 15:00:00,0,81.4,21.7,17073.75,35.0799045138889,10031.875,49.8116319444444,21.9
2020-02-23 15:30:00,0,73.2,22.8,17074.1458333333,35.0783854166667,10017.75,49.817578125,21.8
2020-02-23 16:00:00,0,80.1,21.7,17076.4166666667,35.0768229166667,10010.0833333333,49.8225694444444,21.7
2020-02-23 16:30:00,0,72,23,17076.8541666667,35.0748263888889,9998.66666666667,49.8254774305556,21.7
2020-02-23 17:00:00,0,72.4,23,17069.8541666667,35.0728298611111,9986.04166666667,49.8274739583333,21.6
2020-02-23 17:30:00,0,78,20.7,17068.5625,35.0704861111111,9972.1875,49.8279513888889,21.6
2020-02-23 18:00:00,0,80.1,20.5,17067.3541666667,35.0680121527778,9958.54166666667,49.827734375,21.3
2020-02-23 18:30:00,0,84.7,19.7,17067.25,35.0654947916667,9946.45833333333,49.8266927083333,21
2020-02-23 19:00:00,0,86.3,19.6,17067.5625,35.0630208333333,9932.70833333333,49.8248263888889,20.8
2020-02-23 19:30:00,0,86.1,19.2,17062.6458333333,35.0603298611111,9918.35416666667,49.8207899305556,20.4
2020-02-23 20:00:00,0,88.8,18.9,17063.5833333333,35.0575954861111,9919.95833333333,49.8148003472222,20.2
2020-02-23 20:30:00,0,90.9,18.9,17063.8541666667,35.0552951388889,9925.25,49.8065104166667,19.8
2020-02-23 21:00:00,0,90.9,18.9,17066.1458333333,35.0534722222222,9922.41666666667,49.7963975694444,19.7
2020-02-23 21:30:00,0,91,18.9,17067.7083333333,35.0523871527778,9918.72916666667,49.784375,19.4
2020-02-23 22:00:00,0,91.3,18.9,17070.3333333333,35.051953125,9930.9375,49.7700520833333,19.2
2020-02-23 22:30:00,0,91.2,18.8,17067.4166666667,35.0522135416667,9935.16666666667,49.7531684027778,19.1
2020-02-23 23:00:00,0,90.5,18.9,17069.7916666667,35.052734375,9935.72916666667,49.7336371527778,18.8
2020-02-23 23:30:00,0,90.9,18.7,17066.3125,35.0542100694444,9935.6875,49.7114149305556,18.8
2020-02-24 00:00:00,0,90.3,18.9,17067.5,35.0564670138889,9945.04166666667,49.6868055555556,18.8
2020-02-24 00:30:00,0,90.5,18.8,17068.6458333333,35.0595920138889,9972.125,49.6599392361111,18.6
2020-02-24 01:00:00,0,90.5,18.8,17067.4166666667,35.0635416666667,9975.04166666667,49.6309027777778,18.4
2020-02-24 01:30:00,0,90.5,18.8,17059.0208333333,35.0684895833333,9981.89583333333,49.5995225694444,18.5
2020-02-24 02:00:00,0,89.6,18.8,17067.1666666667,35.0743489583333,9994.33333333333,49.5658420138889,18.3
2020-02-24 02:30:00,0,90.2,18.7,17067.25,35.0809895833333,10016.6666666667,49.5302083333333,18.3
2020-02-24 03:00:00,0,90.7,18.6,17065.1875,35.0886284722222,10032.1875,49.4922309027778,18.2
2020-02-24 03:30:00,0,90.6,18.6,17067.7083333333,35.0969618055556,10046.4375,49.4512152777778,18.2
2020-02-24 04:00:00,0,90.7,18.6,17067.0208333333,35.1061197916667,10060.0416666667,49.4073350694444,18.2
2020-02-24 04:30:00,0,91.3,18.5,17072,35.1159722222222,10083.4166666667,49.3600694444444,18.1
2020-02-24 05:00:00,0,91.3,18.5,17071.4166666667,35.1258246527778,10101.125,49.3093315972222,17.9
2020-02-24 05:30:00,0,91.5,18.5,17075.1041666667,35.1362413194444,10128.9583333333,49.2547309027778,18.1
2020-02-24 06:00:00,0,91.6,18.3,17077.375,35.1473090277778,10146.4166666667,49.1962239583333,17.9
2020-02-24 06:30:00,0,90,18.8,17077.25,35.1590711805556,10162.8125,49.1336371527778,17.9
2020-02-24 07:00:00,0,89.5,18.7,17077.25,35.1715277777778,10182.375,49.0665364583333,17.9
2020-02-24 07:30:00,0,86.1,19.5,17081.5416666667,35.1845052083333,10221.0833333333,48.9945746527778,17.9
2020-02-24 08:00:00,0,83.5,20.2,17082.6875,35.1983506944444,10258.8958333333,48.9194878472222,17.9
2020-02-24 08:30:00,0,78.7,21.1,17075.0625,35.2130208333333,10302.5625,48.841796875,18.2
2020-02-24 09:00:00,0,75.7,22.2,17065.2291666667,35.228515625,10341.7291666667,48.7612413194444,18.5
2020-02-24 09:30:00,0,71.2,23.4,17051.5625,35.2447916666667,10383.8333333333,48.678515625,18.9
2020-02-24 10:00:00,0,69.8,23.9,17037.0625,35.2620225694444,10431.8958333333,48.5942708333333,19.4
2020-02-24 10:30:00,0,57.2,27.9,17024.9375,35.2799045138889,10481.625,48.5081163194444,19.9
2020-02-24 11:00:00,0,57.4,28.1,17017.5208333333,35.2987847222222,10530.7708333333,48.4198350694444,20.8
2020-02-24 11:30:00,0,52.2,30.5,17003.9166666667,35.3181857638889,10579.3125,48.3293836805556,21.7
2020-02-24 12:00:00,0,54.6,29.3,16992,35.3385416666667,10627.5833333333,48.2398003472222,22.9
2020-02-24 12:30:00,0,65.9,26.9,16977.0833333333,35.359765625,10673.4791666667,48.1521267361111,23.8
2020-02-24 13:00:00,0,58.1,29.4,16961.75,35.3816840277778,10714.4375,48.0647135416667,24.2
2020-02-24 13:30:00,0,54.2,30.9,16946.6875,35.4036892361111,10760.2083333333,47.9780815972222,24.8
2020-02-24 14:00:00,0,59.7,28.7,16928.6458333333,35.42734375,10807.625,47.8874131944444,25.7
2020-02-24 14:30:00,0,62.9,27.8,16914.1458333333,35.4518229166667,10852.2916666667,47.7980902777778,26.1
2020-02-24 15:00:00,0,60.3,28.6,16895.5,35.4766927083333,10901.9375,47.7097222222222,26.3
2020-02-24 15:30:00,0,69.1,26.1,16879.3958333333,35.50234375,10956.9583333333,47.6224826388889,26.3
2020-02-24 16:00:00,0,67.4,26.7,16863.75,35.5287326388889,11014.0625,47.536328125,26.2
2020-02-24 16:30:00,0,64.7,27.8,16847.5416666667,35.5561631944444,11079.0625,47.4517795138889,26.1
2020-02-24 17:00:00,0,78.9,24,16840.1666666667,35.5842881944444,11145.3125,47.366796875,26
2020-02-24 17:30:00,0,82.8,23.3,16825.125,35.61328125,11219.75,47.28203125,25.7
2020-02-24 18:00:00,0,85.3,22.8,16808.1875,35.6430989583333,11296.1041666667,47.1964409722222,25.2
2020-02-24 18:30:00,0,97.5,21.6,16792.375,35.6733506944444,11377.5208333333,47.1111111111111,24.5
2020-02-24 19:00:00,0,95.3,21.7,16778,35.7048611111111,11466.625,47.0262586805556,23.8
2020-02-24 19:30:00,0,94.6,21.3,16762.5416666667,35.7376302083333,11562.6041666667,46.9431423611111,23.4
2020-02-24 20:00:00,0,95.6,21.5,16743.9583333333,35.7711371527778,11635.6458333333,46.8614583333333,22.9
2020-02-24 20:30:00,0,94.4,21.2,16725.3333333333,35.8045572916667,11700.4166666667,46.7815104166667,22.6
2020-02-24 21:00:00,0,94.8,21.1,16708.2291666667,35.8378472222222,11763.2291666667,46.7029079861111,22.2
2020-02-24 21:30:00,0,96.5,20.8,16691.1875,35.870703125,11808.5833333333,46.6259548611111,21.9
2020-02-24 22:00:00,0,96.2,20.6,16672.25,35.9031684027778,11855.8333333333,46.5512586805556,21.7
2020-02-24 22:30:00,0,96.3,20.4,16654.625,35.9353298611111,11903.4791666667,46.4791666666667,21.1
2020-02-24 23:00:00,0,96.3,20.4,16635.0208333333,35.9674045138889,11951.875,46.4095920138889,20.9
2020-02-24 23:30:00,0,95.9,20.4,16619.9791666667,35.9990451388889,12001.7916666667,46.3424045138889,20.8
2020-02-25 00:00:00,0,95.6,20.1,16600.6875,36.0305121527778,11991.0625,46.2776475694444,20.6
2020-02-25 00:30:00,0,95.6,20.1,16581.9791666667,36.0614583333333,11973.625,46.2148871527778,20.4
2020-02-25 01:00:00,0,96,20,16565.6041666667,36.0920572916667,11971.3125,46.1534722222222,20.2
2020-02-25 01:30:00,0,96.5,19.9,16555.6875,36.1221354166667,11960.3958333333,46.0934461805556,20.1
2020-02-25 02:00:00,0,96.8,19.8,16525.875,36.1514756944444,12065.75,46.034765625,19.9
2020-02-25 02:30:00,0,97.4,19.6,16506.8541666667,36.1803385416667,12057.8333333333,45.9770833333333,19.8
2020-02-25 03:00:00,0,97.9,19.6,16495.5416666667,36.2082899305556,12050.8125,45.9198784722222,19.7
2020-02-25 03:30:00,0,98.6,19.4,16479.2291666667,36.2353298611111,12039.7291666667,45.8632378472222,19.5
2020-02-25 04:00:00,0,98.9,19.3,16463.0833333333,36.2615451388889,12028.7083333333,45.8066840277778,19.2
2020-02-25 04:30:00,0,99.9,19.2,16444.2291666667,36.2870225694444,12014.3333333333,45.7506944444444,19.2
2020-02-25 05:00:00,0,99.9,19.1,16426.7916666667,36.3124131944444,12042.875,45.6953993055556,19.1
2020-02-25 05:30:00,0,99.9,19.2,16410.7708333333,36.3374565972222,12066,45.6411024305556,18.8
2020-02-25 06:00:00,0,99.9,19.1,16393.2291666667,36.3615885416667,12102.6041666667,45.5881076388889,18.9
2020-02-25 06:30:00,0,99.9,19.2,16382.6458333333,36.3850260416667,12113.5833333333,45.5368489583333,18.9
2020-02-25 07:00:00,0,98.5,19.6,16354.0208333333,36.4080295138889,12122.8541666667,45.4877604166667,18.7
2020-02-25 07:30:00,0,97.2,20.1,16330.3958333333,36.4303385416667,12122.3333333333,45.4411892361111,18.7
2020-02-25 08:00:00,0,95.1,20.8,16314.5208333333,36.4517361111111,12127.7291666667,45.3960069444444,18.9
2020-02-25 08:30:00,0,90.3,23.2,16308.75,36.4724392361111,12133.3125,45.3516059027778,19.1
2020-02-25 09:00:00,0,78.1,25.3,16301.9166666667,36.4926215277778,12140.9375,45.3072916666667,19.5
2020-02-25 09:30:00,0,69.6,27.3,16297.5416666667,36.5122829861111,12144.1666666667,45.2617621527778,20.4
2020-02-25 10:00:00,0,68.2,27.8,16292.6666666667,36.53125,12140.2916666667,45.2154079861111,21.1
2020-02-25 10:30:00,0,65.6,28.4,16287.3541666667,36.5498697916667,12130.9375,45.1681423611111,22.2
2020-02-25 11:00:00,0,58.9,30.1,16282.8125,36.5683159722222,12121.4375,45.1200954861111,23.1
2020-02-25 11:30:00,0,61.2,29.6,16278.5416666667,36.5858940972222,12115.2291666667,45.0717881944444,24.1
2020-02-25 12:00:00,0,60.3,28.8,16271.4791666667,36.6025607638889,12109.0625,45.0177517361111,24.9
2020-02-25 12:30:00,0,56.8,30.6,16268.5208333333,36.6181423611111,12108.2916666667,44.958203125,25.4
2020-02-25 13:00:00,0,62.3,28.6,16261.7916666667,36.6327690972222,12119.3125,44.8932291666667,26.1
2020-02-25 13:30:00,0,58.7,29.5,16258.2708333333,36.6467013888889,12132.875,44.822265625,26.4
2020-02-25 14:00:00,0,57.3,30.3,16257.4583333333,36.6587673611111,12148.5208333333,44.7556423611111,26.9
2020-02-25 14:30:00,0,52.8,32.3,16254.4583333333,36.669921875,12170.4375,44.6840277777778,27.2
2020-02-25 15:00:00,0,74.7,28.2,16256.1875,36.6805989583333,12208.5625,44.6072482638889,27.8
2020-02-25 15:30:00,0,78.6,27.5,16260.5208333333,36.6905381944444,12251.4791666667,44.5249131944444,27.8
2020-02-25 16:00:00,0,80.7,27,16263.7916666667,36.699609375,12306.8958333333,44.437109375,27.6
2020-02-25 16:30:00,0,87.9,25.5,16265.5416666667,36.7077256944444,12359.75,44.3437934027778,27.2
2020-02-25 17:00:00,0,94.8,24.4,16261.0625,36.7149739583333,12410.4583333333,44.2483072916667,26.9
2020-02-25 17:30:00,0,93.2,24.4,16254.5,36.7215277777778,12461.875,44.1505208333333,26.5
2020-02-25 18:00:00,0,92.2,23.7,16258,36.7273871527778,12508.9583333333,44.0513888888889,26
2020-02-25 18:30:00,0,93.5,23,16258.0625,36.7331163194444,12550.9791666667,43.9485243055556,25.6
2020-02-25 19:00:00,0,99.2,22.5,16253.4166666667,36.7369791666667,12590.5,43.8420572916667,24.9
2020-02-25 19:30:00,0,98.1,22.7,16253.2083333333,36.7396267361111,12629.2708333333,43.7317274305556,24.2
2020-02-25 20:00:00,0,96.6,22.3,16254.5625,36.7415798611111,12671.5625,43.6181423611111,23.9
2020-02-25 20:30:00,0,96.6,22.4,16251.1666666667,36.7432725694444,12718.1041666667,43.5015190972222,23.5
2020-02-25 21:00:00,0,94.6,22.3,16245.9791666667,36.7446180555556,12778.7916666667,43.3820746527778,23.1
2020-02-25 21:30:00,0,94.7,22.3,16241.2083333333,36.7455295138889,12852.8958333333,43.2595052083333,22.8
2020-02-25 22:00:00,0,95.1,22.2,16237.9583333333,36.7461371527778,12918.3125,43.1331597222222,22.6
2020-02-25 22:30:00,0,96.6,22,16227.9791666667,36.7464409722222,12986.5416666667,43.0026041666667,22.3
2020-02-25 23:00:00,0,96.9,21.8,16212.375,36.7464409722222,13053.0833333333,42.8679253472222,22.2
2020-02-25 23:30:00,0,97.4,21.3,16217.7083333333,36.7461371527778,13108.6875,42.7293402777778,22.1
2020-02-26 00:00:00,0,97.4,21.1,16218.1041666667,36.7452690972222,13228.125,42.5880642361111,21.6
2020-02-26 00:30:00,0,99.9,20.7,16223.8333333333,36.7441840277778,13337.6458333333,42.4442708333333,21.5
2020-02-26 01:00:00,0,99.9,20.7,16229.0416666667,36.742578125,13458.7291666667,42.2986979166667,21.3
2020-02-26 01:30:00,0,99.9,20.6,16235.75,36.7408420138889,13584.9375,42.1517795138889,20.8
2020-02-26 02:00:00,0,99.9,20.5,16248.8541666667,36.7390190972222,13590.4583333333,42.0038628472222,20.8
2020-02-26 02:30:00,0,99.9,20.4,16251.7291666667,36.7369791666667,13696.6666666667,41.8553385416667,20.6
2020-02-26 03:00:00,0,99.9,20.3,16252.6458333333,36.7350260416667,13807.2083333333,41.7079427083333,20.4
2020-02-26 03:30:00,0,99.9,20.3,16254.3958333333,36.7334635416667,13923.7916666667,41.5621961805556,20.1
2020-02-26 04:00:00,0,99.9,20.4,16256.6666666667,36.7321180555556,14038.0833333333,41.4194010416667,20
2020-02-26 04:30:00,0,99.9,20.2,16259.8541666667,36.7308159722222,14150.6875,41.2795138888889,20
2020-02-26 05:00:00,0,99.9,20.2,16262.6458333333,36.7291232638889,14228.0208333333,41.1426215277778,19.8
2020-02-26 05:30:00,0,99.9,20.2,16263.2916666667,36.7271267361111,14303.5625,41.0092447916667,19.9
2020-02-26 06:00:00,0,99.9,20.2,16262.8958333333,36.7255208333333,14370.9375,40.8789496527778,19.8
2020-02-26 06:30:00,0,99.9,20.4,16256.3125,36.7239149305556,14467.7291666667,40.751953125,19.8
2020-02-26 07:00:00,0,99.8,20.8,16269.875,36.7218315972222,14558.9166666667,40.6286024305556,19.8
2020-02-26 07:30:00,0,99.3,21.1,16274.0416666667,36.7196180555556,14645.9791666667,40.508984375,19.7
2020-02-26 08:00:00,0,97.7,21.6,16273.8333333333,36.7174045138889,14725.3125,40.3936631944444,20
2020-02-26 08:30:00,0,97.6,21.7,16273.2291666667,36.7148871527778,14799.9375,40.2827256944444,20.1
2020-02-26 09:00:00,0,96.6,22.4,16274.7083333333,36.7117621527778,14873.125,40.176953125,20.3
2020-02-26 09:30:00,0,97.2,22.2,16280.5208333333,36.7079427083333,14948.6666666667,40.0766927083333,20.4
2020-02-26 10:00:00,0,99.9,21.8,16282.6041666667,36.7035590277778,15030.6875,39.9817708333333,20.6
2020-02-26 10:30:00,0,98.5,22.4,16285.2916666667,36.698046875,15117.25,39.8922743055556,20.8
2020-02-26 11:00:00,0,95.7,23.4,16287.0625,36.6907552083333,15203.3125,39.8080295138889,20.9
2020-02-26 15:00:00,0,77.1,26.9,16289.625,36.6834635416667,15287.3958333333,39.7281684027778,22.6
2020-02-26 15:30:00,0,74,28.2,16294.125,36.67578125,15341.1458333333,39.6561197916667,23.1
2020-02-26 16:00:00,0,86.6,24.5,16295.3125,36.6680555555556,15399.5208333333,39.5915364583333,23.5
2020-02-26 16:30:00,0,92.7,23.3,16300.1458333333,36.6603732638889,15451.7916666667,39.5348524305556,23.4
2020-02-26 17:00:00,0,94.2,22.9,16300.0416666667,36.6526475694444,15496.5833333333,39.4864149305556,23.4
2020-02-26 17:30:00,0,96.1,22.4,16300.3333333333,36.6451822916667,15535.5416666667,39.4408854166667,23.2
2020-02-26 18:00:00,0,96.6,22.3,16302.5833333333,36.6375434027778,15571.2708333333,39.4024739583333,22.8
2020-02-26 18:30:00,0,96.9,22.2,16302.375,36.6295572916667,15584.0833333333,39.3715277777778,22.6
2020-02-26 19:00:00,0,96.8,22,16298.4375,36.6213107638889,15589.375,39.3482204861111,22.5
2020-02-26 19:30:00,0,97.4,21.8,16295.8333333333,36.6129774305556,15577.8541666667,39.3325520833333,22.1
2020-02-26 20:00:00,0,96.8,21.7,16295.0625,36.6044704861111,15564.25,39.3244791666667,22.1
2020-02-26 20:30:00,0,97.1,21.6,16298.5833333333,36.5958333333333,15546.1458333333,39.3225694444444,21.8
2020-02-26 21:00:00,0,97.4,21.2,16298.2916666667,36.5869791666667,15518.1041666667,39.3266927083333,21.6
2020-02-26 21:30:00,0,97.1,20.7,16293.2291666667,36.5777777777778,15493.9583333333,39.336328125,21.4
2020-02-26 22:00:00,0,97.4,20.2,16293.3541666667,36.5678819444444,15460.7083333333,39.352734375,21.2
2020-02-26 22:30:00,0,97.5,20.2,16299.2708333333,36.5583767361111,15417.8958333333,39.3758680555556,21
2020-02-26 23:00:00,0,98.2,19.9,16302.375,36.5486979166667,15371.5,39.4055989583333,20.6
2020-02-26 23:30:00,0,97.8,19.6,16304.4791666667,36.5387152777778,15314.4583333333,39.44140625,20.4
2020-02-27 00:00:00,0,97.4,19.3,16308.75,36.528515625,15260.8125,39.4829861111111,20.2
2020-02-27 00:30:00,0,97.7,19.2,16317.8541666667,36.5180555555556,15203.1041666667,39.5303385416667,19.9
2020-02-27 01:00:00,0,98.2,19,16328.5833333333,36.5076388888889,15149.8125,39.5834635416667,19.6
2020-02-27 01:30:00,0,98.3,18.8,16338.9583333333,36.4970486111111,15093.0625,39.6426649305556,19.5
2020-02-27 02:00:00,0,98.2,18.6,16354.8333333333,36.4862847222222,15037.8541666667,39.7083333333333,19.2
2020-02-27 02:30:00,0,97.5,18.5,16379.1041666667,36.4754774305556,14984.5416666667,39.78046875,19
2020-02-27 03:00:00,0,97.2,18.4,16384.0208333333,36.4649305555556,14940.3125,39.8591145833333,18.9
2020-02-27 03:30:00,0,96.4,17.9,16394.1458333333,36.4546875,14881.9166666667,39.9417534722222,18.4
2020-02-27 04:00:00,0,96.8,17.3,16400.7708333333,36.4445746527778,14820.3333333333,40.0287326388889,18.3
2020-02-27 04:30:00,0,96.8,17.4,16404.0416666667,36.4346788194444,14760.5833333333,40.1197916666667,18.1
2020-02-27 05:00:00,0,96.4,17.1,16410.5,36.4246961805556,14697.75,40.2146701388889,17.8
2020-02-27 05:30:00,0,97.1,17,16416.9375,36.4146701388889,14637.6458333333,40.312890625,17.6
2020-02-27 06:00:00,0,97.7,17,16422.4166666667,36.4046875,14581.3125,40.4146701388889,17.4
2020-02-27 06:30:00,0,98,17.1,16429.625,36.3945746527778,14521.7916666667,40.5186631944444,17.2
2020-02-27 07:00:00,0,97.1,17.3,16435.6666666667,36.3841579861111,14462.9791666667,40.6245659722222,16.9
2020-02-27 07:30:00,0,97.9,17.3,16440.8958333333,36.3735677083333,14402.7083333333,40.7315538194444,16.9
2020-02-27 08:00:00,0,95.7,17.4,16447.375,36.3628472222222,14340.9375,40.839453125,16.9
2020-02-27 08:30:00,0,94.2,17.8,16453.875,36.3520833333333,14277.5,40.9479166666667,16.8
2020-02-27 09:00:00,0,92.4,18.4,16458.3541666667,36.3408420138889,14214.6875,41.0562065972222,16.9
2020-02-27 09:30:00,0,90.9,19.4,16465.1458333333,36.3292534722222,14156.75,41.1648871527778,17
2020-02-27 10:00:00,0,92.2,19,16473.8958333333,36.3175347222222,14097.75,41.2730034722222,17.2
2020-02-27 10:30:00,0,84.8,21.4,16478.8333333333,36.3059461805556,14035.625,41.3798177083333,17.4
2020-02-27 11:00:00,0,75.7,23.4,16486.3125,36.2943576388889,13972.7291666667,41.4852864583333,17.8
2020-02-27 11:30:00,0,70.6,24.1,16493.6666666667,36.2827690972222,13912.25,41.58828125,18.1
2020-02-27 12:00:00,0,74.4,22.9,16498.625,36.27109375,13854.1041666667,41.6891927083333,18.9
2020-02-27 12:30:00,0,67.5,24.8,16505.125,36.259765625,13793.8125,41.7877170138889,19.4
2020-02-27 13:00:00,0,72.1,23.1,16510.9583333333,36.2488715277778,13737.4583333333,41.884375,19.9
2020-02-27 13:30:00,0,68.7,24.1,16516.75,36.2384114583333,13680.8125,41.978515625,20.2
2020-02-27 14:00:00,0,78.9,21.9,16522.3541666667,36.2286024305556,13618.9791666667,42.0701388888889,20.6
2020-02-27 14:30:00,0,87.4,21.2,16525.625,36.219921875,13556.5,42.1592013888889,20.6
2020-02-27 15:00:00,0,90.2,20.5,16523.3125,36.2115017361111,13490.4375,42.2462239583333,20.5
2020-02-27 15:30:00,0,90.7,20.1,16521.1041666667,36.2036458333333,13454.2291666667,42.3305555555556,20.4
2020-02-27 16:00:00,0,90.5,20.2,16520.5833333333,36.1962239583333,13412.2916666667,42.4120225694444,20.3
2020-02-27 16:30:00,0,91.5,19.8,16520.6875,36.1888888888889,13369.9583333333,42.4908420138889,20.1
2020-02-27 17:00:00,0,92,19.6,16522.875,36.1820746527778,13327.9375,42.5667534722222,20
2020-02-27 17:30:00,0,91.5,19.5,16525.5625,36.1756944444444,13289.3958333333,42.6398871527778,19.8
2020-02-27 18:00:00,0,93.4,18.9,16526.1041666667,36.1695746527778,13244,42.7108940972222,19.7
2020-02-27 18:30:00,0,93.6,18.7,16529.0416666667,36.1638020833333,13206.1875,42.7793836805556,19.5
2020-02-27 19:00:00,0,93.8,18.5,16532.0833333333,36.1584201388889,13167.2708333333,42.8456163194444,19.2
2020-02-27 19:30:00,0,93.8,18,16534.8125,36.1532552083333,13130.2708333333,42.9092013888889,19
2020-02-27 20:00:00,0,93.2,18.3,16538.3958333333,36.1484375,13095.6875,42.9700520833333,18.8
2020-02-27 20:30:00,0,92.5,18,16543.1458333333,36.1439236111111,13064.8333333333,43.0278645833333,18.6
2020-02-27 21:00:00,0,91.9,18.4,16554.1875,36.1395833333333,13039.8333333333,43.0826388888889,18.4
2020-02-27 21:30:00,0,92.2,18.1,16557.7083333333,36.135546875,13007.6666666667,43.1345486111111,18.3
2020-02-27 22:00:00,0,91.2,18.3,16560.75,36.1319444444444,12986.75,43.1835503472222,18.1
2020-02-27 22:30:00,0,90.2,18.1,16563.8333333333,36.1285590277778,12972.0625,43.2290798611111,18.1
2020-02-27 23:00:00,0,90.8,18,16566.9791666667,36.1256076388889,12955.7291666667,43.2712239583333,17.9
2020-02-27 23:30:00,0,92.3,17.7,16569,36.1230034722222,12955.7291666667,43.3098958333333,17.8
2020-02-28 00:00:00,0,92.5,17.5,16575.0625,36.1205295138889,12949.6041666667,43.3453993055556,17.5
2020-02-28 00:30:00,0,92.6,17.7,16576.1666666667,36.1182725694444,12946.75,43.3775607638889,17.5
2020-02-28 01:00:00,0,92.6,17.6,16577.25,36.1161892361111,12937.3958333333,43.4066840277778,17.3
2020-02-28 01:30:00,0,92.5,17.4,16576.9166666667,36.1142361111111,12938.4583333333,43.4329427083333,17.3
2020-02-28 02:00:00,0,92,17.3,16577.5833333333,36.1124565972222,12940.1875,43.4556857638889,17.2
2020-02-28 02:30:00,0,92,17.4,16577.2916666667,36.1106770833333,12944.7916666667,43.4747829861111,17.2
2020-02-28 03:00:00,0,89.9,17.2,16576.4791666667,36.1083767361111,12946.7291666667,43.4899739583333,17.1
2020-02-28 03:30:00,0,89.9,17.2,16574,36.1055989583333,12949.7291666667,43.5023871527778,16.9
2020-02-28 04:00:00,0,90.2,17.5,16571.4791666667,36.1023871527778,12953.8125,43.5116753472222,16.9
2020-02-28 04:30:00,0,91.4,17.2,16573.5208333333,36.098828125,12954.5416666667,43.5180555555556,16.8
2020-02-28 05:00:00,0,92.3,17.1,16568.9166666667,36.0950520833333,12958.4375,43.5213107638889,16.8
2020-02-28 05:30:00,0,92.3,17.1,16566.5416666667,36.0913628472222,12961.3333333333,43.5216579861111,16.7
2020-02-28 06:00:00,0,93.1,16.8,16566.1666666667,36.0874565972222,12953.2083333333,43.5186197916667,16.6
2020-02-28 06:30:00,0,93.2,17.3,16566.0416666667,36.0834635416667,12951.4375,43.5126736111111,16.4
2020-02-28 07:00:00,0,93,17.7,16564.9791666667,36.0794270833333,12944.3125,43.5037326388889,16.6
2020-02-28 07:30:00,0,91.7,18.5,16565.4583333333,36.0752170138889,12944.4375,43.4920572916667,16.6
2020-02-28 08:00:00,0,88.8,19.5,16564.7083333333,36.0709201388889,12945.2708333333,43.478125,16.8
2020-02-28 08:30:00,0,82.8,21,16563.9583333333,36.0665798611111,12950.9375,43.4624131944444,17
2020-02-28 09:00:00,0,76.2,22.4,16565.0833333333,36.0625,12957.4166666667,43.4452256944444,17.5
2020-02-28 09:30:00,0,83.8,20.7,16564.9583333333,36.0581163194444,12963.6875,43.4261284722222,18
2020-02-28 10:00:00,0,81.4,21.1,16564.6041666667,36.0536024305556,12972.1458333333,43.4059461805556,18.2
2020-02-28 10:30:00,0,76.5,22.6,16565.2916666667,36.0490885416667,12988.3333333333,43.3850260416667,18.6
2020-02-28 11:00:00,0,85.4,20.8,16564.0416666667,36.0444878472222,13001.875,43.3633246527778,18.9
2020-02-28 11:30:00,0,90.2,20.3,16562.75,36.0398003472222,13022.0416666667,43.3412760416667,19.2
2020-02-28 12:00:00,0,87.8,21.3,16564.6875,36.03515625,13036.6875,43.3186631944444,19.1
2020-02-28 12:30:00,0,85.8,21.7,16566.2291666667,36.0304253472222,13053.3958333333,43.2953993055556,19.5
2020-02-28 13:00:00,0,88,21.2,16566.7916666667,36.0256510416667,13066.2916666667,43.2710503472222,19.6
2020-02-28 13:30:00,0,84.4,21.9,16570.1041666667,36.0206163194444,13075,43.2467447916667,19.6
2020-02-28 14:00:00,0,92.2,20.2,16571.7916666667,36.0154513888889,13093.8958333333,43.2225694444444,19.8
2020-02-28 14:30:00,0,89.2,20.7,16573.875,36.0100260416667,13114.25,43.1984809027778,19.8
2020-02-28 15:00:00,0,90.1,20.8,16582.6458333333,36.004296875,13137.9791666667,43.1730034722222,19.8
2020-02-28 15:30:00,0,91.5,20.3,16592.0625,35.9982204861111,13164.6875,43.14609375,19.9
2020-02-28 16:00:00,0,92.7,20,16600.8541666667,35.9917100694444,13194.1666666667,43.1180989583333,19.8
2020-02-28 16:30:00,0,92.9,20.1,16608.8333333333,35.9851128472222,13218.8125,43.0883680555556,19.8
2020-02-28 17:00:00,0,93.7,19.9,16616.375,35.9779513888889,13247.2083333333,43.0578993055556,19.5
2020-02-28 17:30:00,0,94.2,19.4,16616.2916666667,35.9703993055556,13276.125,43.0262152777778,19.6
2020-02-28 18:00:00,0,94.9,19.1,16622.2291666667,35.9626302083333,13307.5,42.9940972222222,19.3
2020-02-28 18:30:00,0,95.8,18.8,16627.9375,35.9546875,13336.375,42.9611111111111,19.2
2020-02-28 19:00:00,0,96.3,18.6,16632.6875,35.9464409722222,13365.7708333333,42.9272569444444,19.1
2020-02-28 19:30:00,0,96.4,18.5,16637.9583333333,35.9380208333333,13391.8125,42.8933159722222,18.9
2020-02-28 20:00:00,0,97,18.4,16642.9375,35.9293836805556,13408.5208333333,42.8591145833333,18.6
2020-02-28 20:30:00,0,97.3,18.5,16648.7708333333,35.9205729166667,13418.7291666667,42.8252604166667,18.7
2020-02-28 21:00:00,0,97.8,18.4,16653.7708333333,35.9116319444444,13427.3541666667,42.7919704861111,18.4
2020-02-28 21:30:00,0,98.7,18.4,16663.5625,35.9025173611111,13437.5416666667,42.759375,18.3
2020-02-28 22:00:00,0,98.5,18.6,16670.1458333333,35.8931857638889,13441.6041666667,42.7275173611111,18.2
2020-02-28 22:30:00,0,98.7,18.6,16672.875,35.8837239583333,13445.3125,42.695703125,18.3
2020-02-28 23:00:00,0,98.7,18.6,16677.3541666667,35.8740017361111,13447.875,42.6638888888889,18.2
2020-02-28 23:30:00,0,98.7,18.6,16681.8541666667,35.8640625,13455.9166666667,42.6326388888889,18.2
